{
  "assetsByChunkName": {
    "vendors~app-account~app-checkout~app-confirmation~app-order": "chunk.5f7944b50001669bdb89.js",
    "vendors~app-account~app-confirmation~app-order": "chunk.e8e917d001bf0a1d6a11.js",
    "vendors~app-account~app-checkout": "chunk.10fadb12989306775b0b.js",
    "admin": [
      "admin.51e1b931e7d6a331d479.js",
      "admin.51e1b931e7d6a331d479.js.map"
    ],
    "app-account": "chunk.e0f947788cfe55903ae3.js",
    "app-confirmation": "chunk.6d2d2f9279429b09c817.js",
    "app-order": "chunk.e2ff28b177d050245ae5.js",
    "checkout": [
      "checkout.71cb96c8a2790f58b987.js",
      "checkout.71cb96c8a2790f58b987.js.map"
    ],
    "storefront": [
      "storefront.6979230506093e1010d1.css",
      "storefront.fd4b51e6a68805a6153c.js",
      "storefront.6979230506093e1010d1.css.map",
      "storefront.fd4b51e6a68805a6153c.js.map"
    ],
    "vendors~app-cart": "chunk.0d7c528d5841a4aa5e22.js",
    "vendors~app-checkout": "chunk.68bf5f30842119dfa132.js"
  }
}