{
  "title": "Vendas Por Atacado",
  "body": "kjl",
  "meta_title": "Vendas Por Atacado| Disfoil Construção e Reforma",
  "meta_description": "Compre com preço de atacado toda alinha de mosquiteiros, linha PVC, vedação, extensões e mantas térmicas para telhado. Prefeituras, condomínios, construtoras. Acesse!",
  "sections": [
    {
      "type": "breadcrumbs",
      "enabled": true
    },
    {
      "type": "custom-html",
      "html": "<div class=\"atacado-page\">\n\n  <div class=\"atacado-top\">\n    <div class=\"container\">\n      <h3>ATENDIMENTO EXCLUSIVO<br><span>Personalizado para atender as demandas de clientes que:</span></h3>\n      <h5>- Precisam de cotação <br> - Compram através de licitações <br> - Empresas, condomínios, construtoras, revendas</h5>\n\n      <div class=\"atacado-beneficios\">\n        <h3>PRINCIPAIS BENEFÍCIOS</h3>\n\n        <div class=\"atacado-box\">\n          <img src=\"https://cdn.ecvol.com/s/www.disfoil.com.br/uploads/atacado-atendimento1.png\">\n          <p>\n            <strong>Vendedor Exclusivo</strong> <br><br>\n            Ficou com alguma dúvida\n            na hora de fazer seu pedido?\n            Fale com um de nossos vendedores\n            e tenha um atendimento\n            personalizado.\n          </p>\n        </div>\n\n        <div class=\"atacado-box\">\n          <img src=\"//cdn.ecvol.com/s/www.disfoil.com.br/uploads/atacado-fatura.png\">\n          <p>\n            <strong>Preço de Atacado</strong> <br><br>\n          Preço diferenciado para\n          grandes volumes com\n          opção de frete CIF, FOB ou\n          retirada em nossa loja\n          </p>\n        </div>\n\n        <div class=\"atacado-box\">\n          <img src=\"//cdn.ecvol.com/s/www.disfoil.com.br/uploads/atacado-box1.png\">\n          <p>\n            <strong>Pagamento Faturado</strong> <br><br>\n            Opções de pagamento ideais\n            para seu negócio. Fature seu\n            pagamento e tenha facilidade\n            e comodidade na realização\n            dos pedidos.\n          </p>\n        </div>\n\n      </div>\n    </div>\n  </div>\n\n  <div class=\"atacado-center\">\n    <div class=\"container\">\n      <h2>Produtos no Atacado</h2>\n        <div class=\"box-atacados\">\n\n          <div class=\"atacado-produtos\">\n            <div class=\"atacado-img\"><img src=\"//cdn.ecvol.com/s/www.disfoil.com.br/uploads/atacado-telhados1.png\"></div>\n              <div class=\"atacado-tex\">\n                <h5>LINHA PARA<br><strong>TELHADOS</strong></h5>\n                  <p>\n                  A Disfoil distribui e comercializa extensa lista de produtos para telhados.\n<br> <br><b>Mantas</b>\n<br>- Manta Térmica Subcobertura 1 ou 2 faces de Alumínio Puro ou BOPP nas larguras: 1,00m e 1,15m com as metragens: 10, 25 e 50m2.\n<br>- Manta Asfáltica Adesiva de aplicação a frio, espessura de 1,2mm nas medidas: 5cm x 10m / 10cm x 10m / 20cm x 10m / 45cm x 10m / 90cm x 10m.\n<br>- Primer a base água, Fitas e acessórios de instalação.\n<br>\n<br><b>Passarinheiras</b>\n<br>- Passarinheira de modelo universal nas cores Branca, Preta ou Terracota, fornecida em pacotes de 10 metros lineares c/ 25 peças.\n\n                  <br><br>\n\n                  </p>\n                  <div class=\"atacado-redes\">\n                  ORÇAR VIA:\n                    <a href=\"https://api.whatsapp.com/send?phone=5519974226101&text=Ol%C3%A1%2C%20estou%20na%20p%C3%A1gina%20de%20atacado%20e%20gostaria%20de%20um%20or%C3%A7amento\" target=\"_blank\"><img src=\"//cdn.ecvol.com/s/www.disfoil.com.br/uploads/atacado-whats.png\"></a>\n                    <a href=\"/pagina/cotacoes\" rel=\"\" id=\"anchor1\" class=\"anchorLink\"><img src=\"//cdn.ecvol.com/s/www.disfoil.com.br/uploads/atacado-form1.png\"></a>\n                  </div>\n            </div>\n          </div>\n\n          <div class=\"atacado-produtos atacado-left\">\n            <div class=\"atacado-img atacado-left-img\"><img src=\"//cdn.ecvol.com/s/www.disfoil.com.br/uploads/atacado-mosquiteiro.png\"></div>\n              <div class=\"atacado-tex\">\n                <h5>LINHA DE TELAS<br><strong>MOSQUITEIROS</strong></h5>\n                  <p>\n                  A Disfoil importa e distribui ampla variedade de materiais para mosquiteiros:\n<br>\n<br><b>Telas Mosquiteiros:</b>\n<br>- Fibra de Vidro Revestida de PVC Malha 18x16 Fio 30 nas larguras: 1,05m / 1,25m / 1,55m / 2,14m / 3,00m, nas cores: Branca, Cinza e Preta.\n<br>- Alumínio Malha 14x14 Fio 31 nas larguras: 1,00m / 1,20m / 1,50m.\n<br>- Aço Galvanizado Malha 14x14 Fio 31 nas larguras: 1,00m / 1,20m / 1,50m.\n<br>- Aço Inoxidável Malha 14x14 Fio 31 nas larguras: 1,00m / 1,20m / 1,50m.\n<br>\n<br><b>Acessórios:</b>\n<br>- Borracha GUA 006 para fixação da tela em esquadrias de alumínio\n<br>- Tramelas removíveis, tranquetas, dobradiças, roletes, escovas de vedação adesiva, cantos e conexões.\n                  <br><br>\n\n                  </p>\n                  <div class=\"atacado-redes\">\n                  ORÇAR VIA:\n                    <a href=\"https://api.whatsapp.com/send?phone=5519974226101&text=Ol%C3%A1%2C%20estou%20na%20p%C3%A1gina%20de%20atacado%20e%20gostaria%20de%20um%20or%C3%A7amento\" target=\"_blank\"><img src=\"//cdn.ecvol.com/s/www.disfoil.com.br/uploads/atacado-whats.png\"></a>\n                    <a href=\"/pagina/cotacoes\" rel=\"\" id=\"anchor1\" class=\"anchorLink\"><img src=\"//cdn.ecvol.com/s/www.disfoil.com.br/uploads/atacado-form1.png\"></a>\n                  </div>\n              </div>\n            <div class=\"atacado-img\"><img src=\"//cdn.ecvol.com/s/www.disfoil.com.br/uploads/atacado-mosquiteiro.png\"></div>\n          </div>\n\n          <div class=\"atacado-produtos\">\n            <div class=\"atacado-img\"><img src=\"//cdn.ecvol.com/s/www.disfoil.com.br/uploads/atacado-dry1.png\"></div>\n              <div class=\"atacado-tex\">\n                <h5>LINHA<br><strong>DRYWALL</strong></h5>\n                  <p>\n                  <br>A Disfoil importa e distribui ampla variedade de materiais para construção a seco, com foco em Drywall<br><br>\n<b>- Chapas de Gesso:</b> ST, RU e RF com espessura de 12,5mm nas medidas 1,20 x 1,80m.<br><br>\n<b>- Chapa Cimentícia:</b> 6 e 8mm nas medidas 2,40 x 1,20<br><br>\n<b>- Perfis:</b> F-530, Guia, Montante, Cantoneira lisa ou perfurada, Tabica branca ou galvanizada, entre outros.<br><br>\n<b>- Acessórios:</b> Alçapões de Metal, Parafusos, Buchas, Fitas, Massas, Portas Prontas, Reguladores, entre outros.\n                  <br><br>\n\n                  </p>\n                  <div class=\"atacado-redes\">\n                  ORÇAR VIA:\n                    <a href=\"https://api.whatsapp.com/send?phone=5519974226101&text=Ol%C3%A1%2C%20estou%20na%20p%C3%A1gina%20de%20atacado%20e%20gostaria%20de%20um%20or%C3%A7amento\" target=\"_blank\"><img src=\"//cdn.ecvol.com/s/www.disfoil.com.br/uploads/atacado-whats.png\"></a>\n                    <a href=\"/pagina/cotacoes\" rel=\"\" id=\"anchor1\" class=\"anchorLink\"><img src=\"//cdn.ecvol.com/s/www.disfoil.com.br/uploads/atacado-form1.png\"></a>\n                  </div>\n            </div>\n          </div>\n\n          <div class=\"atacado-produtos atacado-left\">\n            <div class=\"atacado-img atacado-left-img\"><img src=\"//cdn.ecvol.com/s/www.disfoil.com.br/uploads/atacado-pvc.png\"></div>\n              <div class=\"atacado-tex\">\n                <h5>LINHA<br><strong>PVC</strong></h5>\n                  <p>\n                  A Disfoil importa e distribui ampla variedade de produtos para o segmento de PVC<br><br>\n<b>- Forros de PVC:</b> 200x7mm, 200x8mm, 200x10mm Branco ou colorido em diversas medidas, tudo a pronta entrega.<br><br>\n<b>- Portas Sanfonadas:</b> Com altura padrão de 2,10m nas larguras de 0,60 até 1,30m, disponível nas cores: Branca, Cinza, Areia e Mogno.<br><br>\n<b>- Acessórios:</b> Metalon Galvanizado 15x15 e 20x20, Acabamentos, Sancas, Cantos, Trilhos, Pinos, Puxadores e peças de reposição em geral.<br><br>\n                  <br><br>\n               \n                  </p>\n                  <div class=\"atacado-redes\">\n                  ORÇAR VIA:\n                    <a href=\"https://api.whatsapp.com/send?phone=5519974226101&text=Ol%C3%A1%2C%20estou%20na%20p%C3%A1gina%20de%20atacado%20e%20gostaria%20de%20um%20or%C3%A7amento\" target=\"_blank\"><img src=\"//cdn.ecvol.com/s/www.disfoil.com.br/uploads/atacado-whats.png\"></a>\n                    <a href=\"/pagina/cotacoes\" rel=\"\" id=\"anchor1\" class=\"anchorLink\"><img src=\"//cdn.ecvol.com/s/www.disfoil.com.br/uploads/atacado-form1.png\"></a>\n                  </div>\n              </div>\n            <div class=\"atacado-img\"><img src=\"//cdn.ecvol.com/s/www.disfoil.com.br/uploads/atacado-pvc.png\"></div>\n          </div>\n\n          <div class=\"atacado-produtos\">\n            <div class=\"atacado-img\"><img src=\"//cdn.ecvol.com/s/www.disfoil.com.br/uploads/atacado-vedacao1.png\"></div>\n              <div class=\"atacado-tex\">\n                <h5>LINHA DE<br><strong>VEDAÇÃO</strong></h5>\n                  <p>\n                  A Disfoil comercializa ampla variedade de produtos e selantes, entre eles:<br><br>\n<b>- PU Construção:</b> Indicado para tratamento de fissuras e juntas de espansão, possui alta aderência em concreto, tijo, pedras nauticas, azulejos, cerãmicas, madeiras e vidros.<br><br>\n<b>- Acético Incolor:</b> Indicado para vedação de sistemas de vidro e aluminio, cozinhas, banheiros e colagem de louças.<br><br>\n<b>- Silicone Base água:</b> Indicado para acabamento em móveis, reparos e trincas em alvenaria, juntas entre soleiras, pisos e rodapés, guarnições de portas e janelas.<br><br>\n<b>- Silicone Incolor Aplicações Especiais:</b> Indicado para vedações com necessidade de alta adesão: Aquários, terrários, câmaras frigoríficas, vidros, aluminio e azulejos.<br><br>\n                  <br><br>\n                  \n                  </p>\n                  <div class=\"atacado-redes\">\n                  ORÇAR VIA:\n                    <a href=\"https://api.whatsapp.com/send?phone=5519974226101&text=Ol%C3%A1%2C%20estou%20na%20p%C3%A1gina%20de%20atacado%20e%20gostaria%20de%20um%20or%C3%A7amento\" target=\"_blank\"><img src=\"//cdn.ecvol.com/s/www.disfoil.com.br/uploads/atacado-whats.png\"></a>\n                    <a href=\"/pagina/cotacoes\" rel=\"\" id=\"anchor1\" class=\"anchorLink\"><img src=\"//cdn.ecvol.com/s/www.disfoil.com.br/uploads/atacado-form1.png\"></a>\n                  </div>\n            </div>\n          </div>\n\n          <div class=\"atacado-produtos atacado-left\">\n            <div class=\"atacado-img atacado-left-img\"><img src=\"//cdn.ecvol.com/s/www.disfoil.com.br/uploads/atacado-extensao1.png\"></div>\n              <div class=\"atacado-tex\">\n                <h5>LINHA DE<br><strong>EXTENSÕES</strong></h5>\n                  <p>\n                  A Disfoil tem a opção certa para sua obra não parar:<br><br>\n<b>- Extensões:</b> Em cabos PP de alta resitência nas bitolas: 2x1,0mm / 2x2,5mm e 2x4,0mm em diversos comprimentos: 5, 10, 15, 20, 25, 30, 40, 50, 60, 70, 80, 90 e 100 metros. Aceitamos também outras medidas, solicite um orçamento.<br><br>\n                  <br><br>\n                 \n                  </p>\n                  <div class=\"atacado-redes\">\n                  ORÇAR VIA:\n                    <a href=\"https://api.whatsapp.com/send?phone=5519974226101&text=Ol%C3%A1%2C%20estou%20na%20p%C3%A1gina%20de%20atacado%20e%20gostaria%20de%20um%20or%C3%A7amento\" target=\"_blank\"><img src=\"//cdn.ecvol.com/s/www.disfoil.com.br/uploads/atacado-whats.png\"></a>\n                    <a href=\"/pagina/cotacoes\" rel=\"\" id=\"anchor1\" class=\"anchorLink\"><img src=\"//cdn.ecvol.com/s/www.disfoil.com.br/uploads/atacado-form1.png\"></a>\n                  </div>\n              </div>\n            <div class=\"atacado-img\"><img src=\"//cdn.ecvol.com/s/www.disfoil.com.br/uploads/atacado-extensao1.png\"></div>\n          </div>\n\n        </div>\n    </div>\n  </div>\n\n"
    }
  ]
}