{
  "title": "Contato",
  "meta_title": "Contato - Disfoil - Comércio e Importação ",
  "meta_description": "Alguma dúvida, sugestão ou elogio? Fale conosco.",
  "body": "<div class=\"row\">\n        <div class=\"col-md-3 col-sm-4\"></div>\n        <div class=\"col-md-9 col-sm-8\">\n          <div class=\"sidebar\">\n            <ul class=\"list-group sidebar-menu\">\n              <li class=\"list-group-item clearfix\"><a href=\"index\"><i class=\"fa fa-angle-right\"></i>\n                Início</a></li>\n              <li class=\"list-group-item clearfix\"><a href=\"pagina/atacado-empresas\"><i class=\"fa fa-angle-right\"></i>\n                Atacado Disfoil</a></li>\n              <li class=\"list-group-item clearfix\"><a href=\"pagina/entrega\"><i class=\"fa fa-angle-right\"></i>\n                Condições de entrega</a></li>\n              <li class=\"list-group-item clearfix\"><a href=\"pagina/cotacoes\"><i class=\"fa fa-angle-right\"></i>\n                Cotações para Empresas</a></li>\n              <li class=\"list-group-item clearfix\"><a href=\"pagina/sobre\"><i class=\"fa fa-angle-right\"></i>\n                Quem é Disfoil?</a></li>\n              <li class=\"list-group-item clearfix\"><a href=\"pagina/trocas\"><i class=\"fa fa-angle-right\"></i>\n                Trocas e devoluções</a></li>\n              <li class=\"list-group-item clearfix\"><a href=\"pagina/video\"><i class=\"fa fa-angle-right\"></i>\n                Vídeos Disfoil</a></li>\n            </ul>\n          </div>\n          <div class=\"style-text\" id=\"contato_resumo\">\n            <h2>Contato</h2>\n            <h5>\n              <i class=\"fa fa-phone\"></i>&nbsp;\n              (19)3585-3516<br>\n              <i class=\"fa fa-whatsapp\"></i>&nbsp;\n              (19)9 7422-6101<br>\n              <i class=\"fa fa-envelope\"></i>&nbsp;\n              <a href=\"mailto:atendimento@disfoil.com.br\" target=\"_blank\">atendimento@disfoil.com.br</a>\n            </h5>\n          </div>\n          <div class=\"style-text\">\n            <h2>Endereço</h2>\n            <h5>\n              <div id=\"endereco_rua\">Av. Professor Henrique da Mota Fonseca Jr., 1362, Vila Daniel, Loja</div>\n              Porto Ferreira, SP\n              <div id=\"endereco_gmaps\">\n                <i class=\"fa fa-map-marker\"></i>&nbsp;\n                <a href=\"https://www.google.com.br/maps?q=Av. Professor Henrique da Mota Fonseca Jr., 1362, Vila Daniel, Loja, Porto Ferreira, SP\">\n                 Ver no mapa </a>\n              </div>\n            </h5>\n          </div></div>\n      </div>",
  "sections": []
}