{
  "title": "Cotações para Empresas",
  "body": "<div class=\"col-md-9 col-sm-8\">\n          <h1></h1>\n          <div class=\"content-page\">\n            <iframe id=\"JotFormIFrame-91217682388668\" title=\"Escreva abaixo seus dados\" onload=\"window.parent.scrollTo(0,0)\" allowtransparency=\"true\" allowfullscreen=\"true\" allow=\"geolocation; microphone; camera\" src=\"https://form.jotformz.com/91217682388668\" frameborder=\"0\" style=\" min-width: 100%; height:1035px; border:none;\" scrolling=\"no\"> </iframe> <script type=\"text/javascript\"> var ifr = document.getElementById(\"JotFormIFrame-91217682388668\"); if(window.location.href && window.location.href.indexOf(\"?\") > -1) { var get = window.location.href.substr(window.location.href.indexOf(\"?\") + 1); if(ifr && get.length > 0) { var src = ifr.src; src = src.indexOf(\"?\") > -1 ? src + \"&\" + get : src + \"?\" + get; ifr.src = src; } } window.handleIFrameMessage = function(e) { if (typeof e.data === &#039;object&#039;) { return; } var args = e.data.split(\":\"); if (args.length > 2) { iframe = document.getElementById(\"JotFormIFrame-\" + args[(args.length - 1)]); } else { iframe = document.getElementById(\"JotFormIFrame\"); } if (!iframe) { return; } switch (args[0]) { case \"scrollIntoView\": iframe.scrollIntoView(); break; case \"setHeight\": iframe.style.height = args[1] + \"px\"; break; case \"collapseErrorPage\": if (iframe.clientHeight > window.innerHeight) { iframe.style.height = window.innerHeight + \"px\"; } break; case \"reloadPage\": window.location.reload(); break; case \"loadScript\": var src = args[1]; if (args.length > 3) { src = args[1] + &#039;:&#039; + args[2]; } var script = document.createElement(&#039;script&#039;); script.src = src; script.type = &#039;text/javascript&#039;; document.body.appendChild(script); break; case \"exitFullscreen\": if (window.document.exitFullscreen) window.document.exitFullscreen(); else if (window.document.mozCancelFullScreen) window.document.mozCancelFullScreen(); else if (window.document.mozCancelFullscreen) window.document.mozCancelFullScreen(); else if (window.document.webkitExitFullscreen) window.document.webkitExitFullscreen(); else if (window.document.msExitFullscreen) window.document.msExitFullscreen(); break; } var isJotForm = (e.origin.indexOf(\"jotform\") > -1) ? true : false; if(isJotForm && \"contentWindow\" in iframe && \"postMessage\" in iframe.contentWindow) { var urls = {\"docurl\":encodeURIComponent(document.URL),\"referrer\":encodeURIComponent(document.referrer)}; iframe.contentWindow.postMessage(JSON.stringify({\"type\":\"urls\",\"value\":urls}), \"*\"); } }; if (window.addEventListener) { window.addEventListener(\"message\", handleIFrameMessage, false); } else if (window.attachEvent) { window.attachEvent(\"onmessage\", handleIFrameMessage); } </script>\n          </div></div>"
}