{
  "marketing_stripe": {
  },
  "contacts_stripe": {
    "pages": [],
    "phone_wpp": true,
    "socials": true
  },
  "categories_list": {
    "featured": [
      "/telas-mosquiteiras/?Telas Mosquiteiras",
      "/divisorias-e-forros/?Forros e Divisórias",
      "/portas/?Portas",
      "/parafusos-e-buchas/?Parafusos e Buchas",
      "/silicones-e-selantes/?Silicones e Selantes",
      "/mantas-e-impermeabilizantes/?Mantas E Impermeabilizantes"
    ],
    "random": 6,
    "full_width": true
  },
  "desktop_megamenu": true,
  "search_input": true
}