{
  "meta_title": "",
  "meta_description": "",
  "sections": [
    {
      "type": "banner-slider",
      "autoplay": 9000,
      "full_width": true,
      "slides": [
        {
          "img": "/img/uploads/eee1.jpeg",
          "link": "",
          "alt": "Pagamento via PIX",
          "start": "2022-07-13T20:53:35.696Z"
        },
        {
          "img": "/img/uploads/full-banner-2.png",
          "alt": "Manta Térmica",
          "link": "/mantas-e-impermeabilizantes/",
          "start": "2022-07-13T20:53:35.810Z"
        },
        {
          "img": "/img/uploads/full-banner-3.png",
          "alt": "Manta Asfáltica",
          "link": "/manta-asfaltica-adesiva/",
          "start": "2022-07-13T20:53:35.888Z"
        },
        {
          "img": "/img/uploads/full-banner-1.png",
          "alt": "Telas Mosqueteiras",
          "link": "/telas-mosquiteiras/",
          "start": "2022-07-13T20:53:35.960Z"
        },
        {
          "img": "/img/uploads/full-banner-4.png",
          "alt": "Telas Mosqueteiras",
          "link": "/pagina/atacado-empresas",
          "start": "2022-07-13T20:53:36.040Z"
        }
      ]
    },
    {
      "type": "custom-html",
      "html": "<div class=\"descontos-home\">\n <!--\n  <img src=\"//cdn.ecvol.com/s/www.disfoil.com.br/uploads/frete-expresso.png\">\n  <img src=\"//cdn.ecvol.com/s/www.disfoil.com.br/uploads/sem-juros.png\">\n  <img src=\"//cdn.ecvol.com/s/www.disfoil.com.br/uploads/desc.png\">\n  <img src=\"//cdn.ecvol.com/s/www.disfoil.com.br/uploads/segura.png\">\n-->\n</div>"
    },
    {
      "type": "custom-html",
      "html": "<div id=\"busca-car\">\n  <div class=\"conteiner\">\n    <form name=\"form1\">\n    <div class=\"box-busca-car\">\n          <div class=\"busca-title\">Como escolher o Impermeabilizante <br> correto para minha obra?</div>\n        </div>\n        \n        <div class=\"box-busca-car\">\n    <select name=\"marca\" class=\"box-input\" onchange=\"aparece();aparece1();aparece2();\">\n      <option> Qual o seu problema? </option>\n      <option> Goteiras e Infiltrações</option>\n      <option> Calor </option>\n      <option> Calor e poucas goteiras </option>\n    </select>\n    </div>\n        \n        <div class=\"box-busca-car\">\n    <select name=\"hyundai\" class=\"box-input box2\" onChange=\"chamaURL(this)\">\n      <option> Onde deseja instalar? </option> \n      <option value=\"/acima-das-telhas/\">Acima das telhas</option> \n      <option value=\"/abaixo-das-telhas/\">Abaixo das telhas</option> \n      <option value=\"/manta-asfaltica-aplicacao-macarico/\">Em cima da laje</option> \n    </select>\n        </div>\n\n    <div class=\"box-busca-car\">\n    <select name=\"hyundaiano\" class=\"box-input\" style=\"visibility:hidden;\"> \n      <option value=\"/teste/pagina1.html\">Pagina 99</option> \n      <option value=\"/teste/pagina2.html\">Pagina 99</option> \n      <option value=\"/teste/pagina3.html\">Pagina 99</option> \n      <option value=\"/teste/pagina4.html\">Pagina 99</option> \n    </select> \n    </div>\n\n    <div class=\"box-busca-car\">\n    <select name=\"chev\" class=\"box-input box2\" style=\"visibility:hidden;\" onChange=\"chamaURL(this)\"> \n      <option> Onde deseja instalar? </option> \n      <option value=\"/acima-das-telhas/\">Em cima do Telhado</option> \n      <option value=\"/abaixo-das-telhas/\">Em baixo do Telhado</option> \n      <option value=\"/manta-asfaltica-aplicacao-macarico//\">Na laje</option> \n    </select>\n    </div>\n\n    <div class=\"box-busca-car\">\n    <select name=\"chevano\" class=\"box-input\" style=\"visibility:hidden;\" onChange=\"chamaURL(this)\"> \n      <option> Ano do Carro</option>\n      <option> CHEV 1994 </option>\n      <option> 1995 </option>\n      <option> 1996 </option>\n      <option> 1997 </option>\n      <option> 1998 </option>\n    </select>\n    </div>\n        \n       \n  </form>\n  </div>\n</div>\n\n<script>\nfunction aparece(){\nif(document.form1.marca.selectedIndex==\"1\"){\ndocument.form1.hyundai.style.visibility=\"visible\";\ndocument.form1.hyundaiano.style.visibility=\"hidden\";\n}\nelse {\ndocument.form1.hyundaiano.style.visibility=\"hidden\";\ndocument.form1.hyundai.style.visibility=\"visible\";\n}\n}\nfunction aparece1(){\nif(document.form1.marca.selectedIndex==\"2\"){\ndocument.form1.chev.style.visibility=\"visible\";\ndocument.form1.chevano.style.visibility=\"hidden\";\n}\nelse {\ndocument.form1.chevano.style.visibility=\"hidden\";\ndocument.form1.chev.style.visibility=\"hidden\";\n}\n}\nfunction aparece2(){\nif(document.form1.marca.selectedIndex==\"3\"){\ndocument.form1.chev.style.visibility=\"visible\";\ndocument.form1.chevano.style.visibility=\"hidden\";\n}\nelse {\ndocument.form1.chevano.style.visibility=\"hidden\";\ndocument.form1.chev.style.visibility=\"hidden\";\n}\n}\n</script>\n\n<script type=\"text/javascript\">\nfunction chamaURL(campo) { \ndocument.location.href = \"https://www.disfoil.com.br\"+campo.options[campo.selectedIndex].value;  \n} \n</script>"
    },
    {
      "type": "banners-grid",
      "banners": [
        {
          "img": "/img/uploads/minibanner011.png",
          "link": "/search?term=pet+screen"
        },
        {
          "img": "/img/uploads/minibanner022.png",
          "link": "/perfis-de-aluminio/"
        }
      ]
    },
    {
      "type": "collection-shelf",
      "shuffle": true,
      "collection_id": null,
      "sort": "news",
      "title": "Lançamentos",
      "headless": false,
      "limit": 12,
      "page": 1
    },
    {
      "type": "collection-shelf",
      "shuffle": true,
      "limit": 12,
      "page": 1,
      "sort": "offers",
      "title": "Ofertas"
    },
    {
      "type": "collection-shelf",
      "shuffle": true,
      "limit": 12,
      "page": 1,
      "collection_id": "6286dc41df4d8071c91663ff:categories:Telas Mosquiteiras:/telas-mosquiteiras/"
    },
    {
      "type": "collection-shelf",
      "shuffle": false,
      "limit": 12,
      "page": 1,
      "collection_id": null,
      "sort": "views",
      "title": "Para Telhado"
    },
    {
      "type": "responsive-banner",
      "img": "/img/uploads/banner-3.jpg",
      "link": "/alcapao/",
      "alt": "Alçapão"
    },
    {
      "type": "collection-shelf",
      "shuffle": false,
      "limit": 2,
      "page": 1,
      "headless": true,
      "collection_id": "62f72514eb85911216b29182:collections:Destaques:/grid/destaques"
    },
    {
      "type": "custom-html",
      "html": "<div class=\"row\">\n        <div class=\"col-md-12\">\n<div class=\"barra-home\">\n\n    <div class=\"barra-video\">\n        <p class=\"products-carousel__title\">Nós Indicamos</p>\n        <br><p>Confira o vídeo e descubra o produto ideal para o seu dia a dia. Contamos com uma grande variedade de produtos.</p>\n    </div>\n\n   <iframe src=\"https://www.youtube.com/embed/1CbNKgIZbVY\" allow=\"accelerometer; autoplay; encrypted-media; gyroscope; picture-in-picture\" allowfullscreen=\"\" width=\"752\" height=\"423\" frameborder=\"0\"></iframe> \n\n <iframe class=\"mobilee\" src=\"https://www.youtube.com/embed/1CbNKgIZbVY\" allow=\"accelerometer; autoplay; encrypted-media; gyroscope; picture-in-picture\" allowfullscreen=\"\" width=\"350\" height=\"197\" frameborder=\"0\"></iframe> \n\n\n<br><br>\n\n<a href=\"https://www.youtube.com/channel/UCd5K0zkEmt-NAqyq9QXzzVg/videos\"><div class=\"mais-videos\">Veja Mais Vídeos</div></a>\n    \n</div>\n<!-- Trustvox -->\n<script type=\"text/javascript\" src=\"//colt.trustvox.com.br/colt.min.js\"></script> \n<script>\n  var _trustvox_colt = _trustvox_colt || [];\n  _trustvox_colt.push(['_storeId', '81029'], ['_limit', '7']);\n</script>\n<!-- /Trustvox -->\n\n\n          </div>\n      </div>"
    }
  ]
}